cab_id,driver_id,car_model,reg_number,cab_type
1,624,Test 2018,REG50001,SUV
2,26,Collection 2013,REG50002,Hatchback
3,193,Space 2009,REG50003,SUV
4,25,Former 2022,REG50004,Hatchback
5,191,Interesting 2017,REG50005,Sedan
6,967,Call 2008,REG50006,Mini
7,474,Former 2007,REG50007,SUV
8,228,Car 2009,REG50008,SUV
9,788,General 2016,REG50009,Mini
10,102,Responsibility 2016,REG50010,Sedan
11,387,Candidate 2016,REG50011,Sedan
12,842,Five 2008,REG50012,Hatchback
13,687,Future 2021,REG50013,Sedan
14,182,Prove 2017,REG50014,Sedan
15,942,Power 2016,REG50015,Mini
16,490,Subject 2013,REG50016,Sedan
17,769,Leg 2010,REG50017,Sedan
18,229,Rule 2014,REG50018,Mini
19,237,Process 2006,REG50019,Mini
20,976,Image 2006,REG50020,SUV
21,25,Guess 2008,REG50021,Sedan
22,613,Answer 2014,REG50022,Hatchback
23,601,Cup 2021,REG50023,SUV
24,544,Organization 2006,REG50024,Mini
25,374,Great 2010,REG50025,Hatchback
26,596,Eight 2009,REG50026,Mini
27,486,Gas 2016,REG50027,Mini
28,511,Into 2011,REG50028,Mini
29,620,Spring 2022,REG50029,Sedan
30,863,Well 2008,REG50030,Hatchback
31,863,Do 2022,REG50031,Mini
32,15,Young 2019,REG50032,Sedan
33,800,Soon 2013,REG50033,Sedan
34,574,Technology 2021,REG50034,Sedan
35,321,Gas 2023,REG50035,Hatchback
36,208,Ability 2011,REG50036,Mini
37,826,Rate 2022,REG50037,Hatchback
38,379,Various 2013,REG50038,Mini
39,449,Feeling 2023,REG50039,Hatchback
40,165,Campaign 2021,REG50040,SUV
41,8,Pretty 2013,REG50041,Hatchback
42,936,Capital 2017,REG50042,Mini
43,887,Away 2016,REG50043,Hatchback
44,408,Usually 2021,REG50044,SUV
45,656,Either 2006,REG50045,SUV
46,80,Gun 2007,REG50046,Sedan
47,106,Right 2017,REG50047,Hatchback
48,799,Sit 2010,REG50048,Sedan
49,144,Practice 2021,REG50049,SUV
50,158,Behavior 2013,REG50050,SUV
51,373,Toward 2019,REG50051,Hatchback
52,117,Significant 2019,REG50052,Hatchback
53,365,Popular 2017,REG50053,Mini
54,707,Center 2007,REG50054,SUV
55,745,Work 2022,REG50055,Sedan
56,970,Language 2018,REG50056,Hatchback
57,157,Stage 2005,REG50057,SUV
58,390,Sport 2007,REG50058,SUV
59,861,Step 2005,REG50059,Mini
60,914,Usually 2010,REG50060,Sedan
61,755,Play 2021,REG50061,Hatchback
62,234,I 2023,REG50062,Hatchback
63,993,Exactly 2012,REG50063,Hatchback
64,413,Choose 2018,REG50064,Hatchback
65,933,Kind 2015,REG50065,Hatchback
66,965,Often 2016,REG50066,Sedan
67,619,Something 2007,REG50067,Sedan
68,875,Young 2010,REG50068,Mini
69,709,Sure 2010,REG50069,Mini
70,635,Sometimes 2023,REG50070,Sedan
71,523,Certain 2012,REG50071,Sedan
72,37,Small 2022,REG50072,Hatchback
73,620,Yes 2021,REG50073,Hatchback
74,379,From 2013,REG50074,Sedan
75,682,Education 2008,REG50075,Sedan
76,835,Music 2009,REG50076,Mini
77,36,Remain 2022,REG50077,SUV
78,99,Open 2008,REG50078,Sedan
79,372,Painting 2013,REG50079,Hatchback
80,649,Morning 2008,REG50080,SUV
81,410,Affect 2008,REG50081,SUV
82,193,Make 2006,REG50082,SUV
83,50,Story 2014,REG50083,SUV
84,770,Many 2012,REG50084,Mini
85,413,Fill 2009,REG50085,Hatchback
86,51,Push 2020,REG50086,SUV
87,232,Once 2011,REG50087,Sedan
88,369,Animal 2013,REG50088,Mini
89,593,Operation 2013,REG50089,SUV
90,914,Investment 2008,REG50090,Hatchback
91,307,Them 2012,REG50091,Mini
92,632,Cut 2011,REG50092,SUV
93,803,Success 2009,REG50093,Hatchback
94,918,Example 2019,REG50094,SUV
95,259,Man 2022,REG50095,Hatchback
96,24,Allow 2020,REG50096,Mini
97,645,Road 2022,REG50097,Mini
98,106,Box 2008,REG50098,Hatchback
99,589,Whole 2008,REG50099,Sedan
100,417,Either 2012,REG50100,Hatchback
101,707,Including 2009,REG50101,SUV
102,965,Your 2011,REG50102,SUV
103,689,Program 2005,REG50103,Sedan
104,420,Long 2023,REG50104,SUV
105,144,Off 2014,REG50105,Hatchback
106,120,Help 2022,REG50106,Sedan
107,909,Out 2007,REG50107,Hatchback
108,817,Manager 2016,REG50108,Hatchback
109,398,Son 2018,REG50109,Mini
110,388,Set 2022,REG50110,Sedan
111,271,Our 2006,REG50111,SUV
112,470,Fire 2020,REG50112,Mini
113,29,Both 2006,REG50113,Hatchback
114,582,Affect 2021,REG50114,Sedan
115,518,Word 2014,REG50115,Sedan
116,844,In 2009,REG50116,Sedan
117,771,Reflect 2020,REG50117,Mini
118,344,Difficult 2014,REG50118,SUV
119,230,Oil 2011,REG50119,Hatchback
120,569,Anyone 2005,REG50120,Mini
121,331,A 2020,REG50121,SUV
122,695,Bank 2009,REG50122,Hatchback
123,178,Quality 2006,REG50123,SUV
124,655,Level 2014,REG50124,Mini
125,119,Course 2018,REG50125,SUV
126,533,Watch 2021,REG50126,Mini
127,497,Help 2007,REG50127,Sedan
128,867,Network 2011,REG50128,Hatchback
129,948,Wall 2016,REG50129,Hatchback
130,885,Owner 2021,REG50130,Sedan
131,451,Partner 2011,REG50131,SUV
132,662,Apply 2010,REG50132,SUV
133,133,Sure 2017,REG50133,SUV
134,258,Work 2006,REG50134,Sedan
135,793,Every 2013,REG50135,Sedan
136,306,Director 2013,REG50136,Sedan
137,305,Pretty 2009,REG50137,SUV
138,313,Method 2021,REG50138,Hatchback
139,614,Many 2019,REG50139,SUV
140,243,Energy 2006,REG50140,Hatchback
141,509,But 2012,REG50141,Mini
142,89,Throughout 2011,REG50142,SUV
143,610,Develop 2016,REG50143,Sedan
144,761,Those 2012,REG50144,SUV
145,62,Million 2005,REG50145,Sedan
146,780,Authority 2011,REG50146,Hatchback
147,754,Floor 2005,REG50147,Sedan
148,538,Push 2012,REG50148,Sedan
149,654,Star 2022,REG50149,SUV
150,531,Chair 2008,REG50150,Mini
151,66,Season 2008,REG50151,Sedan
152,254,Career 2019,REG50152,Sedan
153,114,Administration 2007,REG50153,Sedan
154,100,Attorney 2006,REG50154,SUV
155,56,Old 2011,REG50155,Hatchback
156,510,Teach 2014,REG50156,SUV
157,360,Work 2012,REG50157,SUV
158,284,Campaign 2010,REG50158,Sedan
159,50,Pick 2005,REG50159,Hatchback
160,978,Place 2009,REG50160,Mini
161,561,Within 2014,REG50161,SUV
162,385,News 2015,REG50162,Hatchback
163,254,Firm 2011,REG50163,SUV
164,767,Reality 2012,REG50164,Hatchback
165,844,Series 2009,REG50165,SUV
166,850,Allow 2022,REG50166,SUV
167,39,Board 2019,REG50167,Hatchback
168,882,Too 2013,REG50168,Sedan
169,15,Newspaper 2011,REG50169,Mini
170,579,Many 2020,REG50170,Hatchback
171,340,Himself 2010,REG50171,SUV
172,590,Threat 2013,REG50172,SUV
173,829,Hand 2012,REG50173,SUV
174,895,Sit 2016,REG50174,SUV
175,917,Offer 2008,REG50175,Hatchback
176,571,Appear 2008,REG50176,Hatchback
177,471,Us 2005,REG50177,Hatchback
178,288,Fly 2006,REG50178,Mini
179,575,Upon 2014,REG50179,Hatchback
180,930,Say 2022,REG50180,Sedan
181,464,Western 2012,REG50181,Sedan
182,819,Song 2019,REG50182,Sedan
183,86,Movement 2015,REG50183,SUV
184,513,Fill 2007,REG50184,Mini
185,613,Language 2010,REG50185,Mini
186,482,Several 2020,REG50186,Mini
187,555,Beyond 2021,REG50187,Mini
188,758,What 2009,REG50188,SUV
189,802,Board 2008,REG50189,Mini
190,412,Draw 2012,REG50190,SUV
191,257,Check 2022,REG50191,Hatchback
192,450,Out 2007,REG50192,Sedan
193,766,Member 2007,REG50193,Mini
194,327,Work 2019,REG50194,SUV
195,591,Capital 2013,REG50195,Hatchback
196,645,Seek 2015,REG50196,Sedan
197,670,Quickly 2008,REG50197,Sedan
198,204,Music 2019,REG50198,Sedan
199,120,Marriage 2011,REG50199,Sedan
200,625,Recent 2013,REG50200,Hatchback
201,589,Financial 2006,REG50201,Hatchback
202,243,Top 2019,REG50202,Mini
203,331,Beat 2005,REG50203,Hatchback
204,251,Matter 2015,REG50204,SUV
205,330,Practice 2016,REG50205,Mini
206,121,Budget 2019,REG50206,Sedan
207,238,Player 2011,REG50207,Sedan
208,199,Product 2007,REG50208,Mini
209,304,Religious 2013,REG50209,Mini
210,816,Another 2019,REG50210,Hatchback
211,2,So 2008,REG50211,Mini
212,87,Road 2021,REG50212,Sedan
213,385,Recognize 2016,REG50213,SUV
214,400,Resource 2009,REG50214,SUV
215,956,Degree 2008,REG50215,Sedan
216,726,Policy 2006,REG50216,Sedan
217,636,Feeling 2017,REG50217,Mini
218,605,Then 2018,REG50218,Hatchback
219,64,Cultural 2015,REG50219,Mini
220,802,Attack 2017,REG50220,Sedan
221,257,Affect 2022,REG50221,SUV
222,807,Could 2008,REG50222,Mini
223,925,Change 2022,REG50223,Sedan
224,248,Notice 2016,REG50224,Hatchback
225,361,Foot 2019,REG50225,Mini
226,724,Executive 2022,REG50226,SUV
227,98,National 2007,REG50227,Sedan
228,654,Get 2019,REG50228,Mini
229,558,Environment 2022,REG50229,SUV
230,538,Southern 2014,REG50230,Sedan
231,884,Only 2009,REG50231,Sedan
232,208,Store 2016,REG50232,Hatchback
233,856,Mean 2005,REG50233,Mini
234,459,Different 2021,REG50234,Hatchback
235,781,Wait 2005,REG50235,Mini
236,70,Team 2013,REG50236,Sedan
237,898,Move 2007,REG50237,Hatchback
238,17,Audience 2023,REG50238,Sedan
239,233,Hot 2019,REG50239,Sedan
240,287,Energy 2013,REG50240,Mini
241,449,Question 2010,REG50241,Sedan
242,471,Out 2014,REG50242,Hatchback
243,75,Off 2018,REG50243,Mini
244,278,Require 2011,REG50244,SUV
245,172,Head 2019,REG50245,SUV
246,315,Service 2011,REG50246,Hatchback
247,715,Ahead 2023,REG50247,Sedan
248,231,Explain 2018,REG50248,Hatchback
249,620,Process 2018,REG50249,Mini
250,845,Within 2012,REG50250,Mini
251,533,Other 2005,REG50251,Sedan
252,887,Modern 2006,REG50252,Sedan
253,840,Then 2016,REG50253,Hatchback
254,166,Focus 2011,REG50254,Hatchback
255,408,Guy 2020,REG50255,Mini
256,397,Cultural 2008,REG50256,Mini
257,279,Everyone 2014,REG50257,Mini
258,311,Behavior 2015,REG50258,Hatchback
259,166,Picture 2005,REG50259,Sedan
260,532,Past 2018,REG50260,Sedan
261,128,Summer 2015,REG50261,Sedan
262,733,Fear 2020,REG50262,SUV
263,946,Could 2020,REG50263,Mini
264,600,Check 2023,REG50264,SUV
265,529,See 2021,REG50265,Mini
266,758,Little 2006,REG50266,Mini
267,9,Result 2015,REG50267,Sedan
268,966,Right 2019,REG50268,Mini
269,634,President 2016,REG50269,Hatchback
270,344,Season 2011,REG50270,SUV
271,685,Wall 2013,REG50271,Mini
272,404,Develop 2008,REG50272,Sedan
273,228,Artist 2018,REG50273,Mini
274,205,Have 2014,REG50274,Sedan
275,241,Well 2016,REG50275,Mini
276,604,Stage 2022,REG50276,SUV
277,548,Expect 2005,REG50277,Hatchback
278,665,White 2012,REG50278,SUV
279,167,Past 2023,REG50279,Mini
280,909,White 2005,REG50280,Mini
281,577,Ready 2014,REG50281,SUV
282,601,Skill 2007,REG50282,Sedan
283,874,City 2022,REG50283,Sedan
284,768,Cause 2022,REG50284,SUV
285,462,How 2012,REG50285,SUV
286,38,Country 2017,REG50286,Hatchback
287,784,Success 2006,REG50287,Mini
288,928,Body 2019,REG50288,Hatchback
289,465,Thousand 2011,REG50289,Hatchback
290,894,Require 2013,REG50290,Mini
291,700,End 2006,REG50291,SUV
292,423,Kitchen 2013,REG50292,Mini
293,527,Ahead 2005,REG50293,Mini
294,932,Activity 2013,REG50294,Sedan
295,312,Bring 2020,REG50295,Mini
296,991,Explain 2016,REG50296,Hatchback
297,943,Wall 2009,REG50297,Mini
298,877,There 2020,REG50298,Mini
299,514,Himself 2022,REG50299,Mini
300,9,Bring 2016,REG50300,Sedan
301,580,Nice 2008,REG50301,Mini
302,797,Idea 2005,REG50302,Hatchback
303,731,Than 2020,REG50303,Hatchback
304,383,System 2010,REG50304,Hatchback
305,24,Above 2015,REG50305,Mini
306,181,Machine 2010,REG50306,SUV
307,716,Option 2014,REG50307,SUV
308,341,Work 2005,REG50308,Hatchback
309,850,Age 2015,REG50309,Hatchback
310,893,After 2016,REG50310,SUV
311,31,Mr 2015,REG50311,Mini
312,131,Fund 2006,REG50312,Sedan
313,844,Others 2010,REG50313,Sedan
314,293,Manage 2018,REG50314,SUV
315,110,Base 2014,REG50315,Sedan
316,782,Society 2021,REG50316,SUV
317,334,Look 2021,REG50317,Sedan
318,103,Event 2012,REG50318,Sedan
319,156,Head 2019,REG50319,Mini
320,307,Service 2010,REG50320,Mini
321,571,Blue 2007,REG50321,Sedan
322,1,Picture 2018,REG50322,Hatchback
323,411,All 2014,REG50323,Sedan
324,261,Care 2007,REG50324,Sedan
325,537,Traditional 2008,REG50325,SUV
326,365,Onto 2012,REG50326,Hatchback
327,684,That 2018,REG50327,Hatchback
328,59,Little 2013,REG50328,SUV
329,944,Morning 2011,REG50329,Hatchback
330,114,Near 2016,REG50330,SUV
331,692,Sea 2014,REG50331,Sedan
332,895,Mouth 2014,REG50332,Hatchback
333,235,Rich 2005,REG50333,Sedan
334,530,Live 2011,REG50334,Hatchback
335,756,Sometimes 2020,REG50335,SUV
336,605,Record 2013,REG50336,Mini
337,424,Until 2021,REG50337,Mini
338,865,Care 2016,REG50338,Mini
339,257,Month 2014,REG50339,Sedan
340,91,Thought 2017,REG50340,SUV
341,468,Any 2009,REG50341,SUV
342,476,Quality 2015,REG50342,Sedan
343,379,Thus 2018,REG50343,Hatchback
344,511,Bit 2017,REG50344,Mini
345,730,Air 2021,REG50345,Mini
346,182,Over 2007,REG50346,Sedan
347,272,Name 2019,REG50347,Hatchback
348,562,Discover 2005,REG50348,Sedan
349,620,Stock 2015,REG50349,Hatchback
350,38,Population 2017,REG50350,SUV
351,568,Bar 2006,REG50351,Hatchback
352,471,No 2022,REG50352,Sedan
353,892,Sometimes 2005,REG50353,SUV
354,213,Color 2009,REG50354,Sedan
355,181,Process 2017,REG50355,Hatchback
356,765,Responsibility 2013,REG50356,SUV
357,247,Next 2012,REG50357,Mini
358,222,Little 2009,REG50358,Mini
359,606,Certain 2023,REG50359,Sedan
360,85,Because 2021,REG50360,Mini
361,633,Home 2005,REG50361,Hatchback
362,889,Difference 2020,REG50362,Mini
363,867,Recently 2021,REG50363,Sedan
364,852,Yourself 2013,REG50364,SUV
365,335,Expect 2005,REG50365,Hatchback
366,929,Fight 2023,REG50366,SUV
367,289,Eight 2020,REG50367,Sedan
368,835,Arm 2015,REG50368,Sedan
369,767,Catch 2021,REG50369,Hatchback
370,195,Listen 2011,REG50370,Mini
371,309,Strong 2013,REG50371,Sedan
372,937,True 2011,REG50372,Sedan
373,121,Light 2019,REG50373,Sedan
374,207,Shake 2007,REG50374,Mini
375,617,Also 2016,REG50375,Hatchback
376,709,Leader 2006,REG50376,Mini
377,214,Ahead 2015,REG50377,Sedan
378,410,Common 2010,REG50378,Sedan
379,197,Reduce 2009,REG50379,Mini
380,579,No 2007,REG50380,Sedan
381,599,Everyone 2008,REG50381,Mini
382,292,Lawyer 2021,REG50382,Sedan
383,456,Serious 2020,REG50383,Sedan
384,57,Question 2019,REG50384,SUV
385,391,Table 2020,REG50385,Mini
386,355,Window 2014,REG50386,Sedan
387,408,Rest 2012,REG50387,Mini
388,450,Task 2008,REG50388,Sedan
389,311,Maybe 2014,REG50389,SUV
390,253,Responsibility 2016,REG50390,SUV
391,640,Success 2010,REG50391,Mini
392,465,Cause 2020,REG50392,SUV
393,775,Second 2013,REG50393,Hatchback
394,40,Indicate 2014,REG50394,SUV
395,256,Soon 2019,REG50395,Sedan
396,931,Opportunity 2018,REG50396,Sedan
397,398,Daughter 2011,REG50397,Sedan
398,115,Pm 2006,REG50398,SUV
399,942,Itself 2008,REG50399,Hatchback
400,347,Open 2014,REG50400,Hatchback
401,984,Order 2023,REG50401,Hatchback
402,568,Style 2012,REG50402,SUV
403,485,White 2018,REG50403,Sedan
404,745,Space 2011,REG50404,Mini
405,541,Power 2018,REG50405,Sedan
406,841,Lot 2017,REG50406,Hatchback
407,141,That 2020,REG50407,Mini
408,415,Question 2008,REG50408,Sedan
409,477,Success 2007,REG50409,Sedan
410,83,Against 2014,REG50410,Hatchback
411,849,Successful 2006,REG50411,Hatchback
412,12,These 2009,REG50412,Sedan
413,417,Film 2013,REG50413,Mini
414,205,Use 2005,REG50414,Hatchback
415,585,Quite 2009,REG50415,Mini
416,132,Kind 2020,REG50416,SUV
417,459,Staff 2015,REG50417,Mini
418,844,Improve 2023,REG50418,Mini
419,200,Success 2014,REG50419,Mini
420,271,Sense 2011,REG50420,Hatchback
421,822,Enter 2008,REG50421,Hatchback
422,99,Character 2022,REG50422,Sedan
423,260,Address 2008,REG50423,SUV
424,700,Court 2021,REG50424,SUV
425,412,Never 2012,REG50425,Mini
426,495,Lead 2017,REG50426,SUV
427,238,Dog 2022,REG50427,Hatchback
428,485,Security 2006,REG50428,Sedan
429,115,Agreement 2021,REG50429,Hatchback
430,321,Side 2009,REG50430,Sedan
431,397,Republican 2018,REG50431,Sedan
432,515,Course 2017,REG50432,Mini
433,304,Inside 2014,REG50433,Sedan
434,422,Go 2016,REG50434,SUV
435,126,Into 2019,REG50435,Mini
436,914,His 2005,REG50436,SUV
437,76,Voice 2018,REG50437,Sedan
438,937,As 2014,REG50438,Mini
439,6,Ever 2009,REG50439,Hatchback
440,304,Follow 2005,REG50440,Sedan
441,827,Environmental 2010,REG50441,Hatchback
442,695,Decade 2021,REG50442,Mini
443,914,Rather 2009,REG50443,Sedan
444,748,Happy 2019,REG50444,SUV
445,572,Approach 2009,REG50445,Sedan
446,885,Young 2017,REG50446,Hatchback
447,929,Movie 2017,REG50447,Mini
448,139,Without 2008,REG50448,Hatchback
449,304,Institution 2022,REG50449,Sedan
450,298,Somebody 2007,REG50450,Mini
451,519,Whom 2011,REG50451,Hatchback
452,153,Take 2022,REG50452,SUV
453,554,Five 2010,REG50453,Sedan
454,61,Assume 2023,REG50454,Hatchback
455,914,Seven 2022,REG50455,Sedan
456,847,Rock 2005,REG50456,Mini
457,239,Wrong 2011,REG50457,Sedan
458,963,Long 2011,REG50458,Hatchback
459,320,Stop 2010,REG50459,Hatchback
460,856,People 2013,REG50460,Sedan
461,165,Special 2007,REG50461,Hatchback
462,779,Black 2021,REG50462,Hatchback
463,730,Picture 2007,REG50463,Sedan
464,282,Keep 2018,REG50464,SUV
465,838,Professional 2009,REG50465,SUV
466,713,Which 2018,REG50466,Sedan
467,583,Just 2013,REG50467,Mini
468,910,Feel 2013,REG50468,Mini
469,839,May 2020,REG50469,Mini
470,298,North 2007,REG50470,Mini
471,911,Water 2013,REG50471,Hatchback
472,968,Good 2021,REG50472,Mini
473,15,Hear 2005,REG50473,Mini
474,790,Approach 2012,REG50474,Mini
475,900,Name 2008,REG50475,Sedan
476,970,Our 2008,REG50476,Hatchback
477,411,Face 2013,REG50477,Sedan
478,665,Care 2007,REG50478,Hatchback
479,324,Game 2005,REG50479,Sedan
480,859,Claim 2016,REG50480,Hatchback
481,20,All 2019,REG50481,SUV
482,298,News 2006,REG50482,Sedan
483,865,Student 2022,REG50483,Hatchback
484,637,Box 2019,REG50484,SUV
485,451,Piece 2005,REG50485,Sedan
486,451,Environmental 2007,REG50486,Hatchback
487,506,Father 2022,REG50487,SUV
488,252,Program 2011,REG50488,SUV
489,517,Human 2007,REG50489,Sedan
490,285,Expert 2012,REG50490,SUV
491,254,Special 2017,REG50491,SUV
492,819,Media 2021,REG50492,SUV
493,9,Investment 2018,REG50493,Hatchback
494,439,Night 2006,REG50494,Sedan
495,277,Drop 2023,REG50495,Sedan
496,993,Book 2019,REG50496,SUV
497,215,Build 2011,REG50497,SUV
498,750,Down 2020,REG50498,SUV
499,773,Rock 2021,REG50499,Hatchback
500,50,Response 2022,REG50500,Mini
501,742,Fish 2013,REG50501,SUV
502,190,Company 2023,REG50502,Mini
503,211,Open 2005,REG50503,SUV
504,437,Meet 2011,REG50504,Hatchback
505,412,Likely 2009,REG50505,Mini
506,286,Without 2013,REG50506,Sedan
507,111,Find 2007,REG50507,SUV
508,705,Effect 2022,REG50508,Hatchback
509,802,Would 2021,REG50509,Sedan
510,40,Number 2007,REG50510,SUV
511,717,Sign 2014,REG50511,Sedan
512,580,Agent 2016,REG50512,SUV
513,604,Base 2015,REG50513,SUV
514,580,Especially 2016,REG50514,Sedan
515,819,Ready 2016,REG50515,Hatchback
516,867,Coach 2013,REG50516,Mini
517,539,Operation 2006,REG50517,SUV
518,726,Suggest 2016,REG50518,Hatchback
519,427,Worker 2011,REG50519,Mini
520,937,Forget 2015,REG50520,Hatchback
521,357,Year 2010,REG50521,Sedan
522,294,Capital 2012,REG50522,Hatchback
523,389,Game 2011,REG50523,Hatchback
524,867,Wonder 2019,REG50524,SUV
525,244,Outside 2006,REG50525,Mini
526,233,Condition 2014,REG50526,SUV
527,893,Many 2014,REG50527,Sedan
528,498,Thank 2017,REG50528,Mini
529,461,Matter 2018,REG50529,Hatchback
530,393,Represent 2010,REG50530,Sedan
531,55,Yard 2008,REG50531,Mini
532,162,They 2020,REG50532,SUV
533,54,Follow 2014,REG50533,Hatchback
534,902,Full 2019,REG50534,Sedan
535,314,Him 2011,REG50535,Mini
536,475,Social 2019,REG50536,Hatchback
537,414,Back 2008,REG50537,Sedan
538,803,Thus 2018,REG50538,Sedan
539,981,Around 2021,REG50539,SUV
540,986,Case 2022,REG50540,SUV
541,820,Reality 2023,REG50541,Sedan
542,545,Talk 2009,REG50542,Hatchback
543,658,Write 2016,REG50543,Sedan
544,113,Officer 2018,REG50544,Hatchback
545,168,Scene 2007,REG50545,Mini
546,131,Professional 2018,REG50546,Mini
547,569,College 2006,REG50547,Mini
548,188,Interest 2015,REG50548,Hatchback
549,600,Against 2010,REG50549,SUV
550,540,Mother 2014,REG50550,Mini
551,181,Spend 2015,REG50551,SUV
552,831,Before 2013,REG50552,Hatchback
553,958,Spring 2018,REG50553,Mini
554,291,Dream 2008,REG50554,SUV
555,427,Guess 2023,REG50555,Mini
556,301,Health 2008,REG50556,SUV
557,206,Standard 2006,REG50557,Hatchback
558,954,Just 2011,REG50558,Hatchback
559,501,Draw 2011,REG50559,Sedan
560,878,Well 2019,REG50560,Sedan
561,2,Rather 2017,REG50561,Sedan
562,80,Ground 2010,REG50562,Hatchback
563,795,Order 2005,REG50563,Sedan
564,437,Character 2012,REG50564,Sedan
565,393,Enter 2005,REG50565,Mini
566,851,Fund 2016,REG50566,SUV
567,606,North 2007,REG50567,Hatchback
568,618,Forward 2019,REG50568,Sedan
569,892,Reason 2020,REG50569,Mini
570,891,Hand 2017,REG50570,SUV
571,218,Hit 2021,REG50571,Sedan
572,487,Often 2018,REG50572,SUV
573,982,With 2007,REG50573,SUV
574,803,Whether 2016,REG50574,Sedan
575,374,No 2017,REG50575,SUV
576,775,Tree 2019,REG50576,Hatchback
577,284,Spring 2017,REG50577,Sedan
578,314,Which 2008,REG50578,SUV
579,475,Effort 2008,REG50579,Mini
580,25,Yet 2012,REG50580,Sedan
581,360,Shake 2018,REG50581,SUV
582,487,Push 2020,REG50582,Sedan
583,609,Now 2010,REG50583,Mini
584,963,Half 2019,REG50584,Sedan
585,226,It 2012,REG50585,SUV
586,905,Because 2014,REG50586,Hatchback
587,562,Message 2016,REG50587,Hatchback
588,918,Buy 2021,REG50588,Sedan
589,407,I 2015,REG50589,Sedan
590,283,Treatment 2016,REG50590,SUV
591,120,Character 2010,REG50591,SUV
592,726,Control 2011,REG50592,Hatchback
593,55,Specific 2023,REG50593,Mini
594,195,Attorney 2018,REG50594,Mini
595,676,Sometimes 2008,REG50595,Mini
596,538,Pick 2019,REG50596,SUV
597,268,Analysis 2017,REG50597,SUV
598,464,Simply 2011,REG50598,Sedan
599,526,Discussion 2012,REG50599,Sedan
600,343,Beautiful 2018,REG50600,SUV
601,327,Any 2021,REG50601,Sedan
602,515,Different 2012,REG50602,SUV
603,634,Face 2013,REG50603,Hatchback
604,18,Nothing 2020,REG50604,Hatchback
605,122,Early 2008,REG50605,Mini
606,983,Trip 2021,REG50606,SUV
607,948,Maintain 2015,REG50607,Hatchback
608,36,Free 2012,REG50608,Sedan
609,440,Line 2009,REG50609,SUV
610,54,Positive 2023,REG50610,Sedan
611,252,Show 2006,REG50611,Sedan
612,170,Throw 2014,REG50612,Hatchback
613,805,Understand 2010,REG50613,SUV
614,189,Story 2008,REG50614,Sedan
615,592,Various 2023,REG50615,Mini
616,260,Indicate 2012,REG50616,Sedan
617,463,Father 2007,REG50617,Sedan
618,833,Language 2019,REG50618,Sedan
619,198,Response 2022,REG50619,Sedan
620,522,Would 2017,REG50620,Sedan
621,573,Son 2019,REG50621,SUV
622,678,Letter 2021,REG50622,Sedan
623,239,Area 2022,REG50623,Mini
624,203,Help 2021,REG50624,Sedan
625,174,Large 2007,REG50625,Mini
626,764,Upon 2008,REG50626,Mini
627,683,We 2017,REG50627,Sedan
628,121,This 2006,REG50628,Mini
629,3,Room 2005,REG50629,Hatchback
630,864,Fire 2022,REG50630,SUV
631,46,Accept 2006,REG50631,Hatchback
632,268,Shake 2013,REG50632,Mini
633,739,Likely 2021,REG50633,Hatchback
634,53,Visit 2023,REG50634,Hatchback
635,67,Leg 2015,REG50635,SUV
636,387,Pull 2005,REG50636,Mini
637,33,Radio 2019,REG50637,Mini
638,213,Cover 2008,REG50638,SUV
639,871,Today 2021,REG50639,Hatchback
640,274,Account 2009,REG50640,Hatchback
641,926,Everybody 2014,REG50641,Hatchback
642,202,We 2020,REG50642,Mini
643,5,Mr 2020,REG50643,Mini
644,423,Series 2017,REG50644,Sedan
645,317,Yet 2006,REG50645,Sedan
646,990,Commercial 2006,REG50646,SUV
647,358,Society 2019,REG50647,Hatchback
648,727,Same 2016,REG50648,Sedan
649,628,Brother 2007,REG50649,Hatchback
650,391,Beat 2006,REG50650,SUV
651,309,Seem 2007,REG50651,SUV
652,135,Accept 2017,REG50652,Hatchback
653,465,Report 2019,REG50653,Sedan
654,230,Agency 2017,REG50654,Hatchback
655,158,Movie 2018,REG50655,Hatchback
656,861,Sign 2005,REG50656,Sedan
657,656,Happen 2013,REG50657,Sedan
658,281,Research 2014,REG50658,Hatchback
659,256,Of 2013,REG50659,Mini
660,948,Institution 2010,REG50660,Hatchback
661,64,Support 2022,REG50661,Hatchback
662,743,Author 2019,REG50662,SUV
663,368,Once 2020,REG50663,SUV
664,445,Case 2007,REG50664,Hatchback
665,880,Learn 2010,REG50665,Hatchback
666,684,Son 2021,REG50666,Hatchback
667,994,Though 2010,REG50667,Sedan
668,338,Focus 2014,REG50668,Mini
669,257,Tend 2020,REG50669,Mini
670,742,Result 2011,REG50670,Hatchback
671,3,Certain 2009,REG50671,Hatchback
672,959,Office 2015,REG50672,Sedan
673,366,Prevent 2016,REG50673,Hatchback
674,640,Above 2019,REG50674,Mini
675,834,Discussion 2021,REG50675,Sedan
676,913,Husband 2023,REG50676,Mini
677,766,Sit 2020,REG50677,Mini
678,915,Trade 2017,REG50678,Sedan
679,665,Their 2017,REG50679,Mini
680,571,Tv 2022,REG50680,Sedan
681,677,Front 2006,REG50681,Sedan
682,350,Though 2016,REG50682,Hatchback
683,669,Style 2013,REG50683,Mini
684,697,Unit 2012,REG50684,Sedan
685,577,Keep 2006,REG50685,Mini
686,13,Player 2022,REG50686,Mini
687,98,Five 2010,REG50687,SUV
688,369,Try 2021,REG50688,Sedan
689,541,Tend 2008,REG50689,Sedan
690,961,Today 2019,REG50690,Mini
691,255,Hard 2006,REG50691,Sedan
692,300,Over 2017,REG50692,Hatchback
693,958,Animal 2019,REG50693,Mini
694,174,Report 2019,REG50694,Hatchback
695,293,Authority 2008,REG50695,SUV
696,170,Mother 2014,REG50696,SUV
697,887,Suggest 2021,REG50697,SUV
698,262,Anything 2020,REG50698,Hatchback
699,542,Them 2015,REG50699,Sedan
700,192,Religious 2023,REG50700,Sedan
701,935,Foreign 2013,REG50701,Hatchback
702,75,Area 2018,REG50702,Mini
703,660,Car 2022,REG50703,Hatchback
704,444,Stock 2018,REG50704,SUV
705,136,Leave 2015,REG50705,Mini
706,320,Real 2009,REG50706,Sedan
707,819,Road 2006,REG50707,Hatchback
708,886,Idea 2009,REG50708,Hatchback
709,630,Current 2016,REG50709,Mini
710,331,Writer 2017,REG50710,Hatchback
711,51,Huge 2019,REG50711,Sedan
712,536,Mention 2014,REG50712,SUV
713,855,Guy 2019,REG50713,SUV
714,612,Chance 2022,REG50714,SUV
715,882,Movement 2015,REG50715,Hatchback
716,23,Ability 2019,REG50716,Sedan
717,557,Add 2011,REG50717,Sedan
718,889,Keep 2022,REG50718,Mini
719,74,Pick 2022,REG50719,SUV
720,325,Far 2013,REG50720,SUV
721,998,Article 2016,REG50721,Hatchback
722,16,Matter 2023,REG50722,SUV
723,380,Table 2016,REG50723,Mini
724,18,Business 2008,REG50724,Hatchback
725,149,Put 2020,REG50725,SUV
726,407,Point 2023,REG50726,SUV
727,723,List 2020,REG50727,SUV
728,531,Though 2023,REG50728,Sedan
729,922,Along 2023,REG50729,Hatchback
730,475,Together 2006,REG50730,Mini
731,233,Seek 2011,REG50731,Hatchback
732,593,Admit 2010,REG50732,SUV
733,685,Often 2017,REG50733,SUV
734,157,Who 2011,REG50734,Mini
735,154,Occur 2016,REG50735,Mini
736,978,List 2013,REG50736,Sedan
737,921,Know 2011,REG50737,SUV
738,656,Consumer 2014,REG50738,Mini
739,143,Near 2010,REG50739,Sedan
740,515,Performance 2009,REG50740,Mini
741,348,Cost 2012,REG50741,SUV
742,204,See 2017,REG50742,Sedan
743,938,Since 2005,REG50743,Mini
744,556,History 2008,REG50744,SUV
745,12,Item 2014,REG50745,Sedan
746,918,Half 2020,REG50746,Mini
747,328,Win 2015,REG50747,Mini
748,974,Create 2012,REG50748,Sedan
749,944,Think 2006,REG50749,SUV
750,194,Pull 2009,REG50750,Sedan
751,985,Test 2009,REG50751,Hatchback
752,378,Almost 2014,REG50752,Sedan
753,642,Reflect 2006,REG50753,Hatchback
754,6,Recognize 2019,REG50754,Sedan
755,619,Environmental 2016,REG50755,SUV
756,303,Recognize 2020,REG50756,Mini
757,640,Fight 2018,REG50757,Hatchback
758,643,Interest 2018,REG50758,Hatchback
759,430,Develop 2007,REG50759,SUV
760,266,Go 2011,REG50760,Mini
761,790,Science 2018,REG50761,Mini
762,780,Chair 2010,REG50762,Hatchback
763,67,Expert 2014,REG50763,Mini
764,97,Country 2009,REG50764,SUV
765,445,Letter 2015,REG50765,Mini
766,288,However 2021,REG50766,Mini
767,224,Last 2019,REG50767,Mini
768,40,Drive 2015,REG50768,Sedan
769,45,Office 2018,REG50769,Sedan
770,7,Lose 2010,REG50770,Sedan
771,624,Nothing 2009,REG50771,Sedan
772,480,Ten 2007,REG50772,Mini
773,304,May 2013,REG50773,Sedan
774,523,Within 2012,REG50774,Sedan
775,114,Never 2021,REG50775,Mini
776,2,Development 2018,REG50776,Mini
777,61,Modern 2022,REG50777,Hatchback
778,18,Role 2008,REG50778,Mini
779,653,Individual 2020,REG50779,Sedan
780,503,Leader 2005,REG50780,Hatchback
781,189,Personal 2011,REG50781,SUV
782,472,My 2017,REG50782,Mini
783,70,Break 2007,REG50783,Sedan
784,607,Heavy 2013,REG50784,SUV
785,862,Stock 2017,REG50785,Sedan
786,332,Drive 2019,REG50786,Sedan
787,702,Once 2008,REG50787,Hatchback
788,579,Various 2009,REG50788,Hatchback
789,633,Huge 2012,REG50789,Hatchback
790,610,First 2008,REG50790,Mini
791,669,Structure 2021,REG50791,Sedan
792,438,Above 2020,REG50792,Hatchback
793,539,On 2007,REG50793,SUV
794,28,Business 2012,REG50794,Sedan
795,351,Parent 2020,REG50795,Sedan
796,3,Expert 2005,REG50796,Mini
797,676,Boy 2022,REG50797,Hatchback
798,472,Fast 2023,REG50798,Mini
799,256,Each 2012,REG50799,Sedan
800,576,Hospital 2019,REG50800,SUV
801,878,Answer 2013,REG50801,SUV
802,490,Your 2015,REG50802,Mini
803,599,Model 2021,REG50803,Hatchback
804,494,Education 2005,REG50804,Mini
805,589,Whose 2007,REG50805,Mini
806,343,Population 2016,REG50806,Mini
807,756,Art 2023,REG50807,SUV
808,111,Agent 2016,REG50808,SUV
809,499,Wear 2020,REG50809,Hatchback
810,829,Card 2008,REG50810,Hatchback
811,603,Read 2005,REG50811,Mini
812,703,Any 2018,REG50812,SUV
813,740,Drug 2018,REG50813,Mini
814,78,Wife 2013,REG50814,Hatchback
815,996,That 2016,REG50815,Mini
816,162,Election 2019,REG50816,Mini
817,701,Shoulder 2008,REG50817,SUV
818,584,Wrong 2012,REG50818,SUV
819,323,Structure 2012,REG50819,Sedan
820,670,Front 2006,REG50820,Sedan
821,497,Himself 2006,REG50821,SUV
822,204,Plant 2019,REG50822,SUV
823,806,New 2008,REG50823,Sedan
824,389,Plant 2006,REG50824,SUV
825,646,Which 2010,REG50825,Sedan
826,854,Course 2011,REG50826,Hatchback
827,77,Bed 2014,REG50827,Sedan
828,982,Natural 2016,REG50828,Sedan
829,367,Chair 2010,REG50829,Sedan
830,590,Research 2007,REG50830,SUV
831,675,Fall 2010,REG50831,Hatchback
832,310,As 2014,REG50832,Mini
833,814,Half 2016,REG50833,Mini
834,333,Thus 2018,REG50834,SUV
835,900,Parent 2012,REG50835,Sedan
836,916,That 2011,REG50836,Sedan
837,503,Pm 2014,REG50837,SUV
838,83,Morning 2015,REG50838,Hatchback
839,383,Democratic 2014,REG50839,Mini
840,378,Research 2006,REG50840,Hatchback
841,392,Beat 2015,REG50841,Hatchback
842,22,Ability 2014,REG50842,Mini
843,276,Short 2009,REG50843,Sedan
844,525,Tend 2020,REG50844,Sedan
845,18,Perform 2007,REG50845,SUV
846,917,Per 2017,REG50846,Mini
847,309,Sport 2008,REG50847,Hatchback
848,489,Return 2016,REG50848,Mini
849,681,Sense 2022,REG50849,Hatchback
850,157,Both 2008,REG50850,Hatchback
851,520,Same 2021,REG50851,SUV
852,578,Care 2022,REG50852,Hatchback
853,792,Church 2020,REG50853,SUV
854,185,Watch 2006,REG50854,Hatchback
855,606,Class 2017,REG50855,Hatchback
856,893,Poor 2020,REG50856,SUV
857,435,Manager 2006,REG50857,SUV
858,963,Thing 2007,REG50858,Hatchback
859,131,What 2017,REG50859,Mini
860,297,A 2013,REG50860,SUV
861,79,Always 2006,REG50861,Hatchback
862,112,Write 2012,REG50862,SUV
863,353,Wind 2020,REG50863,Mini
864,393,Reality 2015,REG50864,SUV
865,286,Wonder 2021,REG50865,Mini
866,656,Probably 2007,REG50866,Sedan
867,94,Thus 2022,REG50867,Hatchback
868,835,Manager 2018,REG50868,Mini
869,39,Black 2010,REG50869,Hatchback
870,68,Prove 2022,REG50870,SUV
871,755,Process 2022,REG50871,Hatchback
872,807,Push 2006,REG50872,Mini
873,726,Key 2012,REG50873,SUV
874,602,Full 2022,REG50874,SUV
875,864,Sometimes 2005,REG50875,Hatchback
876,283,Front 2012,REG50876,Mini
877,587,Discussion 2013,REG50877,Mini
878,895,Again 2021,REG50878,Sedan
879,481,Particular 2015,REG50879,Mini
880,43,Room 2011,REG50880,SUV
881,826,Window 2012,REG50881,Hatchback
882,230,Scientist 2015,REG50882,SUV
883,129,Impact 2012,REG50883,Mini
884,120,Development 2020,REG50884,Sedan
885,487,Perhaps 2007,REG50885,Mini
886,768,These 2016,REG50886,SUV
887,396,Bring 2017,REG50887,Hatchback
888,545,Student 2008,REG50888,Hatchback
889,49,Inside 2018,REG50889,Hatchback
890,788,Recent 2018,REG50890,Hatchback
891,924,Better 2008,REG50891,Sedan
892,976,With 2011,REG50892,Sedan
893,577,Information 2020,REG50893,Mini
894,731,Street 2015,REG50894,Hatchback
895,587,Center 2021,REG50895,Sedan
896,589,Exist 2006,REG50896,SUV
897,933,Sing 2008,REG50897,Sedan
898,594,Job 2022,REG50898,Mini
899,594,Reflect 2016,REG50899,SUV
900,654,Store 2011,REG50900,Mini
901,332,Clear 2006,REG50901,Mini
902,317,Others 2021,REG50902,Sedan
903,109,Police 2007,REG50903,SUV
904,439,Help 2017,REG50904,Sedan
905,534,Environment 2014,REG50905,Mini
906,320,To 2021,REG50906,Mini
907,180,Score 2007,REG50907,SUV
908,743,Food 2022,REG50908,Hatchback
909,780,Story 2011,REG50909,Sedan
910,159,Beautiful 2014,REG50910,Sedan
911,28,Garden 2005,REG50911,Mini
912,299,Form 2012,REG50912,SUV
913,748,Appear 2014,REG50913,Sedan
914,484,West 2007,REG50914,SUV
915,218,Song 2005,REG50915,Hatchback
916,191,Energy 2022,REG50916,Mini
917,67,Walk 2005,REG50917,Mini
918,970,Me 2018,REG50918,Mini
919,145,Activity 2011,REG50919,SUV
920,518,Movement 2015,REG50920,Mini
921,397,Travel 2009,REG50921,Mini
922,326,Choice 2021,REG50922,Mini
923,108,Finally 2008,REG50923,Sedan
924,810,Stuff 2012,REG50924,Mini
925,720,Next 2010,REG50925,Mini
926,188,Experience 2017,REG50926,Hatchback
927,17,Figure 2007,REG50927,Hatchback
928,771,So 2021,REG50928,SUV
929,373,Newspaper 2006,REG50929,Sedan
930,95,Increase 2019,REG50930,Sedan
931,328,Front 2009,REG50931,Sedan
932,493,Close 2009,REG50932,SUV
933,127,Chair 2019,REG50933,SUV
934,761,Fund 2014,REG50934,Mini
935,390,Other 2007,REG50935,Sedan
936,840,During 2014,REG50936,Mini
937,384,Real 2011,REG50937,Mini
938,860,Similar 2011,REG50938,SUV
939,367,Majority 2017,REG50939,Sedan
940,49,Tax 2017,REG50940,Mini
941,218,Music 2016,REG50941,Hatchback
942,371,Range 2016,REG50942,Mini
943,347,Science 2014,REG50943,Hatchback
944,410,Employee 2016,REG50944,Hatchback
945,514,Successful 2011,REG50945,Mini
946,373,Apply 2016,REG50946,Sedan
947,693,None 2009,REG50947,Sedan
948,360,Attorney 2013,REG50948,Sedan
949,926,Sort 2010,REG50949,SUV
950,629,Company 2011,REG50950,Mini
951,601,Training 2010,REG50951,SUV
952,789,Push 2020,REG50952,Sedan
953,789,Money 2016,REG50953,Hatchback
954,556,Finally 2011,REG50954,SUV
955,352,Seek 2012,REG50955,Hatchback
956,404,Prepare 2012,REG50956,SUV
957,409,Else 2015,REG50957,Sedan
958,196,Woman 2019,REG50958,Sedan
959,142,Pm 2021,REG50959,Hatchback
960,246,Later 2022,REG50960,Mini
961,778,According 2016,REG50961,Hatchback
962,674,Down 2007,REG50962,Mini
963,417,Near 2005,REG50963,SUV
964,343,Left 2016,REG50964,Sedan
965,390,It 2022,REG50965,Sedan
966,142,That 2005,REG50966,SUV
967,365,Leg 2023,REG50967,Sedan
968,190,Never 2015,REG50968,Mini
969,911,Test 2009,REG50969,Hatchback
970,247,When 2019,REG50970,SUV
971,554,Scene 2010,REG50971,Mini
972,453,Weight 2020,REG50972,Hatchback
973,82,Material 2014,REG50973,SUV
974,307,Form 2017,REG50974,SUV
975,945,Four 2007,REG50975,Hatchback
976,941,Past 2023,REG50976,Mini
977,873,Physical 2021,REG50977,Mini
978,349,By 2020,REG50978,Mini
979,150,Finish 2008,REG50979,Sedan
980,532,Country 2022,REG50980,SUV
981,966,Industry 2006,REG50981,Sedan
982,390,Court 2019,REG50982,SUV
983,90,Cost 2018,REG50983,SUV
984,387,Window 2015,REG50984,Mini
985,594,Stop 2011,REG50985,SUV
986,354,Stay 2006,REG50986,SUV
987,882,Cause 2009,REG50987,SUV
988,793,Story 2005,REG50988,SUV
989,334,Raise 2015,REG50989,Mini
990,245,Spring 2012,REG50990,Mini
991,652,Watch 2010,REG50991,Sedan
992,470,Although 2012,REG50992,Mini
993,627,How 2019,REG50993,Mini
994,808,Wonder 2021,REG50994,Sedan
995,558,Effort 2011,REG50995,Mini
996,515,Firm 2008,REG50996,Mini
997,580,Plan 2016,REG50997,Mini
998,448,Few 2009,REG50998,Mini
999,399,Skill 2008,REG50999,Mini
1000,575,Year 2008,REG51000,Hatchback
1001,29,Program 2016,REG51001,SUV
1002,718,Stop 2008,REG51002,Sedan
1003,533,Civil 2016,REG51003,SUV
1004,704,High 2021,REG51004,Mini
1005,812,Wonder 2019,REG51005,Sedan
1006,231,Beautiful 2005,REG51006,Hatchback
1007,495,American 2018,REG51007,SUV
1008,703,Today 2017,REG51008,Hatchback
1009,150,Mouth 2023,REG51009,Sedan
1010,345,True 2013,REG51010,Sedan
1011,700,Individual 2020,REG51011,Sedan
1012,361,Production 2019,REG51012,Mini
1013,158,Yard 2006,REG51013,Hatchback
1014,703,Traditional 2012,REG51014,Hatchback
1015,550,Current 2015,REG51015,Hatchback
1016,20,Seek 2008,REG51016,Mini
1017,498,Meeting 2013,REG51017,Hatchback
1018,59,Land 2014,REG51018,SUV
1019,365,Sit 2014,REG51019,Mini
1020,378,Sure 2018,REG51020,Hatchback
1021,912,Peace 2017,REG51021,Mini
1022,433,Occur 2016,REG51022,SUV
1023,477,Somebody 2013,REG51023,Mini
1024,626,Appear 2012,REG51024,Sedan
1025,713,Unit 2019,REG51025,Mini
1026,749,Skill 2011,REG51026,Hatchback
1027,748,Kid 2021,REG51027,SUV
1028,27,Raise 2016,REG51028,Hatchback
1029,621,Attention 2010,REG51029,SUV
1030,724,Crime 2017,REG51030,Hatchback
1031,232,Single 2010,REG51031,Hatchback
1032,856,Religious 2017,REG51032,Hatchback
1033,2,Company 2021,REG51033,Hatchback
1034,41,Tv 2016,REG51034,Sedan
1035,638,Vote 2015,REG51035,Hatchback
1036,584,Energy 2005,REG51036,SUV
1037,858,Opportunity 2019,REG51037,Sedan
1038,130,Three 2017,REG51038,Mini
1039,582,Know 2011,REG51039,Sedan
1040,609,Man 2014,REG51040,Hatchback
1041,224,Sure 2023,REG51041,Sedan
1042,472,Forward 2009,REG51042,Hatchback
1043,857,Past 2007,REG51043,Mini
1044,233,Structure 2013,REG51044,SUV
1045,988,History 2020,REG51045,Mini
1046,414,Mind 2005,REG51046,Sedan
1047,945,Year 2017,REG51047,Hatchback
1048,975,Three 2022,REG51048,Sedan
1049,512,Area 2014,REG51049,SUV
1050,930,Teacher 2015,REG51050,Sedan
1051,72,Explain 2023,REG51051,Hatchback
1052,559,Yes 2006,REG51052,Sedan
1053,328,Trial 2016,REG51053,Hatchback
1054,36,Huge 2019,REG51054,Hatchback
1055,708,Black 2009,REG51055,SUV
1056,546,Area 2008,REG51056,Sedan
1057,356,West 2022,REG51057,Hatchback
1058,309,Author 2021,REG51058,Sedan
1059,675,Eight 2009,REG51059,Hatchback
1060,266,Conference 2022,REG51060,Hatchback
1061,721,Adult 2013,REG51061,SUV
1062,531,Audience 2013,REG51062,Mini
1063,54,City 2012,REG51063,Sedan
1064,823,Minute 2010,REG51064,Hatchback
1065,330,Career 2017,REG51065,Mini
1066,597,Yeah 2009,REG51066,Mini
1067,610,Study 2014,REG51067,SUV
1068,510,Argue 2010,REG51068,Hatchback
1069,720,Establish 2009,REG51069,Mini
1070,656,Quite 2005,REG51070,Mini
1071,276,Particularly 2016,REG51071,Sedan
1072,905,Along 2022,REG51072,Sedan
1073,130,Important 2020,REG51073,SUV
1074,173,Account 2009,REG51074,Sedan
1075,854,Picture 2019,REG51075,Hatchback
1076,224,West 2023,REG51076,Sedan
1077,468,Foot 2011,REG51077,Sedan
1078,970,Sing 2012,REG51078,Hatchback
1079,922,Bag 2012,REG51079,Sedan
1080,201,Item 2016,REG51080,Mini
1081,95,Teach 2008,REG51081,Mini
1082,879,Alone 2012,REG51082,SUV
1083,779,President 2017,REG51083,Sedan
1084,597,Food 2009,REG51084,Hatchback
1085,233,Reach 2015,REG51085,Sedan
1086,875,Service 2008,REG51086,Mini
1087,405,Interesting 2011,REG51087,SUV
1088,64,Bank 2017,REG51088,SUV
1089,76,Special 2022,REG51089,Mini
1090,787,Traditional 2021,REG51090,Mini
1091,742,Give 2021,REG51091,Mini
1092,448,Production 2008,REG51092,Hatchback
1093,914,Their 2023,REG51093,Sedan
1094,87,Rich 2011,REG51094,Mini
1095,269,Pick 2012,REG51095,Hatchback
1096,659,Performance 2020,REG51096,Sedan
1097,382,What 2007,REG51097,Mini
1098,630,Boy 2012,REG51098,Mini
1099,385,Put 2007,REG51099,Mini
1100,569,My 2015,REG51100,Hatchback
1101,9,Teach 2020,REG51101,Hatchback
1102,944,Attack 2008,REG51102,SUV
1103,653,Fall 2021,REG51103,SUV
1104,254,Left 2020,REG51104,SUV
1105,73,East 2023,REG51105,Sedan
1106,946,Blue 2016,REG51106,Mini
1107,825,Issue 2015,REG51107,Hatchback
1108,545,Buy 2020,REG51108,Hatchback
1109,657,Government 2022,REG51109,Hatchback
1110,606,Fast 2009,REG51110,Mini
1111,435,Edge 2013,REG51111,Hatchback
1112,336,Scene 2005,REG51112,Sedan
1113,255,Collection 2009,REG51113,SUV
1114,249,Outside 2019,REG51114,Sedan
1115,573,Fall 2022,REG51115,SUV
1116,482,Government 2020,REG51116,Hatchback
1117,977,Decision 2008,REG51117,Hatchback
1118,753,Contain 2020,REG51118,SUV
1119,987,Not 2015,REG51119,Hatchback
1120,224,Because 2015,REG51120,SUV
1121,833,Figure 2007,REG51121,Sedan
1122,710,Unit 2005,REG51122,SUV
1123,592,If 2008,REG51123,Sedan
1124,19,Successful 2010,REG51124,SUV
1125,294,Spring 2014,REG51125,Hatchback
1126,400,Challenge 2016,REG51126,SUV
1127,416,Action 2015,REG51127,Sedan
1128,632,Card 2013,REG51128,SUV
1129,384,Answer 2012,REG51129,SUV
1130,191,Reveal 2023,REG51130,Sedan
1131,26,Mention 2023,REG51131,Sedan
1132,453,Develop 2011,REG51132,Mini
1133,927,Outside 2022,REG51133,SUV
1134,544,Consider 2009,REG51134,Mini
1135,570,New 2016,REG51135,Mini
1136,439,Eye 2014,REG51136,Sedan
1137,483,Notice 2005,REG51137,Sedan
1138,178,Keep 2013,REG51138,Hatchback
1139,49,Should 2013,REG51139,Mini
1140,115,Star 2018,REG51140,SUV
1141,912,Shake 2022,REG51141,Hatchback
1142,746,Fly 2023,REG51142,Sedan
1143,409,Decision 2016,REG51143,Mini
1144,229,Tv 2018,REG51144,Mini
1145,352,Race 2006,REG51145,Hatchback
1146,877,Type 2022,REG51146,Hatchback
1147,448,He 2006,REG51147,Mini
1148,538,Economic 2023,REG51148,Hatchback
1149,60,Feeling 2019,REG51149,Mini
1150,592,Own 2014,REG51150,Sedan
1151,48,My 2007,REG51151,Sedan
1152,443,Send 2021,REG51152,Mini
1153,649,Company 2009,REG51153,Mini
1154,952,Budget 2018,REG51154,Sedan
1155,932,Center 2022,REG51155,Mini
1156,989,Light 2005,REG51156,Hatchback
1157,696,Save 2011,REG51157,Mini
1158,668,Manage 2007,REG51158,Sedan
1159,513,Own 2017,REG51159,SUV
1160,503,Among 2009,REG51160,SUV
1161,922,Bill 2017,REG51161,SUV
1162,137,Sit 2008,REG51162,Hatchback
1163,923,Upon 2011,REG51163,Sedan
1164,530,Follow 2017,REG51164,Hatchback
1165,312,Current 2022,REG51165,Sedan
1166,935,Only 2010,REG51166,Hatchback
1167,991,Place 2019,REG51167,Hatchback
1168,751,Fire 2018,REG51168,Hatchback
1169,952,Apply 2020,REG51169,SUV
1170,509,Floor 2023,REG51170,SUV
1171,571,Challenge 2021,REG51171,Mini
1172,589,Federal 2023,REG51172,Hatchback
1173,136,Finally 2006,REG51173,Sedan
1174,938,Data 2010,REG51174,Sedan
1175,895,View 2006,REG51175,SUV
1176,158,Risk 2023,REG51176,Hatchback
1177,766,Reveal 2011,REG51177,Hatchback
1178,92,Second 2007,REG51178,Sedan
1179,544,Term 2010,REG51179,Hatchback
1180,970,Daughter 2010,REG51180,Sedan
1181,612,Official 2010,REG51181,Mini
1182,36,Together 2022,REG51182,Mini
1183,772,Surface 2019,REG51183,Mini
1184,815,Read 2011,REG51184,Hatchback
1185,693,Rule 2008,REG51185,Sedan
1186,660,Agency 2013,REG51186,SUV
1187,83,Tax 2009,REG51187,SUV
1188,519,Learn 2005,REG51188,Sedan
1189,704,Let 2011,REG51189,Sedan
1190,265,Note 2005,REG51190,Sedan
1191,392,Rate 2010,REG51191,SUV
1192,138,Past 2012,REG51192,Hatchback
1193,169,Deep 2011,REG51193,Mini
1194,103,Bill 2010,REG51194,SUV
1195,852,Trial 2017,REG51195,Sedan
1196,384,Set 2018,REG51196,Mini
1197,823,Here 2016,REG51197,Sedan
1198,589,Community 2008,REG51198,Hatchback
1199,528,My 2022,REG51199,Mini
1200,29,Others 2006,REG51200,Mini
1201,407,All 2020,REG51201,Mini
1202,444,Trial 2005,REG51202,Sedan
1203,455,Specific 2023,REG51203,Mini
1204,168,Customer 2022,REG51204,Hatchback
1205,10,Food 2010,REG51205,Hatchback
1206,148,Image 2021,REG51206,Mini
1207,447,Improve 2010,REG51207,Sedan
1208,398,Alone 2019,REG51208,Hatchback
1209,778,Likely 2005,REG51209,Hatchback
1210,807,Million 2014,REG51210,SUV
1211,414,Recent 2016,REG51211,SUV
1212,895,Success 2017,REG51212,Sedan
1213,518,Rather 2019,REG51213,Mini
1214,178,Half 2014,REG51214,Hatchback
1215,974,Change 2012,REG51215,Sedan
1216,321,These 2021,REG51216,Hatchback
1217,889,Impact 2010,REG51217,Sedan
1218,381,Catch 2016,REG51218,Sedan
1219,544,Either 2023,REG51219,Hatchback
1220,369,Smile 2012,REG51220,Hatchback
1221,348,Sister 2013,REG51221,Mini
1222,166,Floor 2006,REG51222,Hatchback
1223,472,Through 2021,REG51223,Sedan
1224,142,Management 2007,REG51224,SUV
1225,870,Million 2015,REG51225,Sedan
1226,939,Hundred 2014,REG51226,Sedan
1227,659,Above 2021,REG51227,Sedan
1228,29,Difficult 2013,REG51228,Sedan
1229,291,Trip 2006,REG51229,SUV
1230,177,Whole 2007,REG51230,SUV
1231,888,Hold 2023,REG51231,Mini
1232,853,Community 2010,REG51232,Hatchback
1233,438,Arm 2008,REG51233,Mini
1234,198,Picture 2015,REG51234,Sedan
1235,2,Represent 2023,REG51235,SUV
1236,720,Step 2013,REG51236,Sedan
1237,871,By 2020,REG51237,Hatchback
1238,614,Research 2013,REG51238,Sedan
1239,12,Hotel 2022,REG51239,Sedan
1240,93,Address 2011,REG51240,Hatchback
1241,446,Film 2018,REG51241,Hatchback
1242,658,Who 2007,REG51242,SUV
1243,70,Impact 2006,REG51243,SUV
1244,35,Congress 2006,REG51244,SUV
1245,123,Number 2009,REG51245,Sedan
1246,748,Tax 2011,REG51246,Sedan
1247,489,Yet 2018,REG51247,Mini
1248,8,Cover 2011,REG51248,Hatchback
1249,49,Trip 2007,REG51249,Mini
1250,423,Design 2013,REG51250,Mini
1251,236,Believe 2009,REG51251,Sedan
1252,9,Job 2019,REG51252,Mini
1253,699,Piece 2006,REG51253,Hatchback
1254,985,From 2020,REG51254,Sedan
1255,148,Believe 2008,REG51255,SUV
1256,502,Design 2011,REG51256,Hatchback
1257,386,Know 2011,REG51257,SUV
1258,272,Statement 2017,REG51258,Mini
1259,515,Off 2016,REG51259,Mini
1260,83,Necessary 2023,REG51260,Sedan
1261,960,Time 2008,REG51261,SUV
1262,939,But 2007,REG51262,SUV
1263,825,Class 2020,REG51263,SUV
1264,417,Management 2011,REG51264,Sedan
1265,998,True 2016,REG51265,SUV
1266,322,Include 2015,REG51266,SUV
1267,187,Girl 2010,REG51267,Sedan
1268,624,Task 2015,REG51268,Mini
1269,103,Reason 2020,REG51269,Hatchback
1270,643,Ready 2009,REG51270,Hatchback
1271,748,Among 2013,REG51271,Sedan
1272,445,Tend 2005,REG51272,Mini
1273,991,Information 2007,REG51273,SUV
1274,660,Eight 2019,REG51274,Mini
1275,380,Decade 2009,REG51275,SUV
1276,197,Government 2009,REG51276,Sedan
1277,82,Community 2019,REG51277,Mini
1278,243,Down 2023,REG51278,SUV
1279,227,Many 2013,REG51279,Mini
1280,454,Another 2009,REG51280,Sedan
1281,505,Woman 2019,REG51281,SUV
1282,164,Once 2014,REG51282,SUV
1283,679,If 2021,REG51283,Mini
1284,743,Western 2023,REG51284,Sedan
1285,514,Environmental 2017,REG51285,Mini
1286,450,Worry 2014,REG51286,Mini
1287,995,Arm 2009,REG51287,Sedan
1288,893,Success 2017,REG51288,SUV
1289,651,Watch 2022,REG51289,Mini
1290,20,Seem 2022,REG51290,Sedan
1291,196,Tend 2023,REG51291,Sedan
1292,632,Budget 2015,REG51292,SUV
1293,814,Wind 2010,REG51293,Mini
1294,675,Agency 2015,REG51294,Hatchback
1295,688,Say 2005,REG51295,Mini
1296,280,Social 2015,REG51296,Mini
1297,52,Pass 2014,REG51297,Hatchback
1298,350,Cold 2020,REG51298,Sedan
1299,594,Back 2016,REG51299,SUV
1300,947,Theory 2019,REG51300,Sedan
1301,274,Nor 2020,REG51301,SUV
1302,147,Serious 2006,REG51302,SUV
1303,389,Show 2018,REG51303,Sedan
1304,844,Hot 2011,REG51304,SUV
1305,709,Piece 2007,REG51305,Hatchback
1306,744,Good 2005,REG51306,Sedan
1307,334,Federal 2006,REG51307,Mini
1308,390,Before 2019,REG51308,Sedan
1309,11,Out 2014,REG51309,SUV
1310,857,Wife 2020,REG51310,Hatchback
1311,535,Care 2016,REG51311,Sedan
1312,596,Special 2019,REG51312,SUV
1313,477,Skill 2013,REG51313,SUV
1314,802,Out 2009,REG51314,SUV
1315,464,Certain 2011,REG51315,Mini
1316,478,Best 2009,REG51316,Hatchback
1317,18,Point 2006,REG51317,SUV
1318,824,Six 2013,REG51318,Sedan
1319,175,Such 2020,REG51319,Sedan
1320,435,Return 2018,REG51320,SUV
1321,45,Hundred 2008,REG51321,SUV
1322,665,To 2017,REG51322,Hatchback
1323,167,Pressure 2009,REG51323,Hatchback
1324,639,Recognize 2017,REG51324,SUV
1325,447,They 2021,REG51325,SUV
1326,434,Once 2013,REG51326,Mini
1327,955,Field 2014,REG51327,Mini
1328,578,Color 2023,REG51328,Hatchback
1329,691,Help 2021,REG51329,SUV
1330,498,Since 2007,REG51330,SUV
1331,864,Fight 2014,REG51331,Sedan
1332,477,Likely 2020,REG51332,Mini
1333,21,Either 2011,REG51333,Sedan
1334,717,Way 2005,REG51334,Mini
1335,322,Activity 2013,REG51335,Sedan
1336,932,According 2011,REG51336,Mini
1337,507,Dog 2023,REG51337,Hatchback
1338,550,Source 2009,REG51338,SUV
1339,411,Continue 2018,REG51339,Sedan
1340,70,Later 2005,REG51340,Mini
1341,954,Type 2015,REG51341,Mini
1342,354,Create 2021,REG51342,SUV
1343,545,Ahead 2015,REG51343,Sedan
1344,760,Letter 2017,REG51344,Hatchback
1345,375,Activity 2010,REG51345,Hatchback
1346,661,To 2020,REG51346,SUV
1347,526,Mention 2008,REG51347,Sedan
1348,97,Not 2016,REG51348,Hatchback
1349,49,Way 2007,REG51349,Sedan
1350,55,View 2023,REG51350,Sedan
1351,708,Purpose 2007,REG51351,Hatchback
1352,38,Particular 2008,REG51352,SUV
1353,716,Institution 2021,REG51353,Mini
1354,8,Agency 2010,REG51354,Hatchback
1355,158,Heart 2023,REG51355,Hatchback
1356,879,Pass 2015,REG51356,Hatchback
1357,756,Morning 2013,REG51357,Sedan
1358,905,This 2010,REG51358,Sedan
1359,443,Accept 2019,REG51359,Mini
1360,786,Quality 2013,REG51360,Mini
1361,79,Wear 2023,REG51361,SUV
1362,922,Pick 2013,REG51362,Sedan
1363,666,Arrive 2021,REG51363,Mini
1364,407,Raise 2009,REG51364,Mini
1365,526,Card 2012,REG51365,Sedan
1366,447,Produce 2018,REG51366,Mini
1367,418,For 2020,REG51367,Sedan
1368,373,Test 2018,REG51368,Mini
1369,887,Right 2011,REG51369,SUV
1370,742,Light 2020,REG51370,Sedan
1371,411,Argue 2014,REG51371,Hatchback
1372,405,Adult 2008,REG51372,Hatchback
1373,643,Role 2023,REG51373,SUV
1374,586,High 2021,REG51374,SUV
1375,291,Too 2013,REG51375,Sedan
1376,245,Around 2009,REG51376,SUV
1377,468,Lot 2006,REG51377,Hatchback
1378,516,That 2014,REG51378,SUV
1379,401,Where 2019,REG51379,Hatchback
1380,661,Physical 2013,REG51380,Hatchback
1381,636,Impact 2010,REG51381,Sedan
1382,811,Exactly 2008,REG51382,Hatchback
1383,934,Point 2016,REG51383,Sedan
1384,126,Heavy 2006,REG51384,Hatchback
1385,108,Official 2010,REG51385,Mini
1386,489,Sell 2014,REG51386,SUV
1387,478,Resource 2016,REG51387,Sedan
1388,60,Hour 2016,REG51388,Sedan
1389,494,Miss 2014,REG51389,Mini
1390,476,Pattern 2017,REG51390,Hatchback
1391,798,Chair 2017,REG51391,Hatchback
1392,220,Mission 2019,REG51392,Mini
1393,203,They 2009,REG51393,Sedan
1394,552,Middle 2011,REG51394,Sedan
1395,625,Tonight 2018,REG51395,Mini
1396,832,Bed 2022,REG51396,Mini
1397,92,Condition 2009,REG51397,Mini
1398,294,Agency 2010,REG51398,Hatchback
1399,828,Time 2023,REG51399,Hatchback
1400,402,Phone 2007,REG51400,Hatchback
1401,679,Top 2008,REG51401,Hatchback
1402,651,Feeling 2007,REG51402,SUV
1403,232,Must 2020,REG51403,Hatchback
1404,275,Part 2016,REG51404,Mini
1405,422,Perhaps 2023,REG51405,Mini
1406,756,Social 2021,REG51406,Sedan
1407,693,Company 2012,REG51407,Sedan
1408,515,Star 2019,REG51408,Mini
1409,52,Boy 2013,REG51409,Mini
1410,856,Lawyer 2009,REG51410,SUV
1411,818,Remember 2023,REG51411,SUV
1412,538,Concern 2023,REG51412,Mini
1413,361,Term 2020,REG51413,SUV
1414,88,Attention 2013,REG51414,Hatchback
1415,404,Real 2006,REG51415,Mini
1416,791,Decade 2005,REG51416,Sedan
1417,178,May 2012,REG51417,Mini
1418,507,Project 2006,REG51418,Mini
1419,253,Itself 2016,REG51419,Mini
1420,653,Really 2009,REG51420,Hatchback
1421,497,Data 2010,REG51421,Hatchback
1422,91,Drive 2007,REG51422,Hatchback
1423,529,Democrat 2023,REG51423,Mini
1424,385,Half 2022,REG51424,SUV
1425,390,Rich 2010,REG51425,Hatchback
1426,329,Hit 2005,REG51426,Sedan
1427,421,Whose 2019,REG51427,Mini
1428,623,Say 2014,REG51428,Sedan
1429,410,Very 2005,REG51429,SUV
1430,588,Safe 2016,REG51430,Mini
1431,357,Our 2012,REG51431,Sedan
1432,657,Eight 2011,REG51432,SUV
1433,591,Notice 2016,REG51433,Sedan
1434,74,My 2010,REG51434,Mini
1435,97,Both 2015,REG51435,Hatchback
1436,553,Stop 2022,REG51436,Sedan
1437,591,Might 2012,REG51437,Mini
1438,782,Likely 2016,REG51438,SUV
1439,942,Affect 2014,REG51439,Mini
1440,235,That 2005,REG51440,Hatchback
1441,563,Travel 2019,REG51441,Hatchback
1442,491,Many 2019,REG51442,Sedan
1443,478,Lay 2022,REG51443,SUV
1444,970,How 2015,REG51444,Hatchback
1445,236,Cup 2006,REG51445,SUV
1446,279,Catch 2012,REG51446,Hatchback
1447,900,Rise 2007,REG51447,Mini
1448,763,Decide 2005,REG51448,Mini
1449,620,Government 2010,REG51449,Hatchback
1450,578,Deal 2015,REG51450,Sedan
1451,12,Box 2011,REG51451,Mini
1452,994,Technology 2008,REG51452,Mini
1453,21,Quite 2023,REG51453,Sedan
1454,117,During 2022,REG51454,SUV
1455,961,Travel 2017,REG51455,Sedan
1456,920,Want 2016,REG51456,Hatchback
1457,3,Road 2018,REG51457,Mini
1458,1000,Argue 2018,REG51458,SUV
1459,741,Media 2016,REG51459,Sedan
1460,463,Though 2020,REG51460,Hatchback
1461,538,Wait 2011,REG51461,Sedan
1462,700,Arrive 2022,REG51462,SUV
1463,706,Majority 2011,REG51463,Mini
1464,784,Church 2015,REG51464,Sedan
1465,109,Blood 2012,REG51465,Sedan
1466,207,Exist 2021,REG51466,Hatchback
1467,812,Writer 2010,REG51467,Sedan
1468,812,Conference 2013,REG51468,SUV
1469,987,Open 2009,REG51469,Hatchback
1470,683,Several 2016,REG51470,Hatchback
1471,584,Bit 2021,REG51471,Mini
1472,553,Protect 2017,REG51472,Sedan
1473,386,According 2023,REG51473,Sedan
1474,392,Computer 2016,REG51474,Mini
1475,544,Chance 2012,REG51475,SUV
1476,935,Behind 2007,REG51476,Hatchback
1477,647,Picture 2018,REG51477,Sedan
1478,958,Either 2013,REG51478,Sedan
1479,166,Watch 2022,REG51479,Hatchback
1480,836,Draw 2012,REG51480,SUV
1481,547,Choose 2020,REG51481,Mini
1482,186,Magazine 2017,REG51482,Hatchback
1483,166,Allow 2005,REG51483,Mini
1484,237,Religious 2005,REG51484,Hatchback
1485,233,Degree 2016,REG51485,SUV
1486,270,Suggest 2019,REG51486,SUV
1487,863,Recently 2006,REG51487,Hatchback
1488,210,Also 2015,REG51488,SUV
1489,66,Prepare 2010,REG51489,Sedan
1490,582,Others 2016,REG51490,Mini
1491,786,Like 2007,REG51491,Sedan
1492,477,Citizen 2007,REG51492,Hatchback
1493,379,Director 2023,REG51493,SUV
1494,969,Whole 2011,REG51494,SUV
1495,292,Remain 2017,REG51495,Hatchback
1496,213,These 2023,REG51496,Mini
1497,183,Free 2015,REG51497,Hatchback
1498,583,Family 2015,REG51498,Sedan
1499,728,Bed 2022,REG51499,Mini
1500,326,Director 2013,REG51500,Sedan
